destination,cnt,country,lat,lon
01085,1,USA,42.129484,-72.754318
01113,1,USA,none,none
01230,1,USA,42.195922,-73.36065
01420,1522,USA,42.579563,-71.803133
01430,436,USA,42.649614,-71.92666
01431,254,USA,42.674462,-71.817369
01432,650,USA,42.55914,-71.578763
01434,58,USA,42.546667,-71.598333
01440,826,USA,42.57405,-71.9898
01450,1057,USA,42.612351,-71.558371
01451,503,USA,42.498565,-71.575293
01452,306,USA,42.486538,-72.001159
01453,1906,USA,42.52744,-71.756308
01460,150,USA,42.540132,-71.487667
01462,858,USA,42.58843,-71.726642
01463,872,USA,42.668888,-71.593392
01464,457,USA,42.558653,-71.646444
01468,277,USA,42.545976,-72.064971
01469,505,USA,42.652511,-71.689646
01473,575,USA,42.548319,-71.909599
01474,145,USA,42.670404,-71.74057
01475,495,USA,42.678943,-72.047524
01501,1030,USA,42.205502,-71.839144
01503,225,USA,42.384438,-71.635634
01504,72,USA,42.028708,-71.52691
01505,383,USA,42.337727,-71.731042
01506,189,USA,42.199141,-72.098887
01507,893,USA,42.137902,-71.966384
01508,2,USA,42.145833,-71.988889
01510,664,USA,42.418147,-71.682847
01516,599,USA,42.060566,-71.726611
01519,90,USA,42.200371,-71.686848
01520,1027,USA,42.341983,-71.84142
01522,302,USA,42.375519,-71.87058
01523,479,USA,42.450984,-71.686831
01524,360,USA,42.237047,-71.918829
01527,671,USA,42.196779,-71.764438
01529,27,USA,42.033102,-71.579813
01532,197,USA,42.318242,-71.646372
01534,88,USA,42.1494,-71.656366
01535,323,USA,42.266455,-72.082129
01536,85,USA,42.229726,-71.703691
01537,118,USA,42.16549,-71.885953
01540,592,USA,42.11285,-71.868677
01541,289,USA,42.450812,-71.876245
01543,696,USA,42.376199,-71.948951
01545,381,USA,42.284801,-71.720503
01560,56,USA,42.176042,-71.692725
01562,626,USA,42.244103,-71.990617
01564,452,USA,42.435351,-71.775192
01566,1,USA,42.112619,-72.084233
01568,110,USA,42.173275,-71.608014
01569,115,USA,42.074426,-71.632869
01570,739,USA,42.047574,-71.839467
01571,564,USA,42.048894,-71.893228
01581,217,USA,42.267891,-71.617604
01583,344,USA,42.35836,-71.783822
01588,466,USA,42.115319,-71.664357
01590,544,USA,42.140586,-71.748416
01602,1287,USA,42.270251,-71.841678
01603,597,USA,42.245033,-71.837995
01604,249,USA,42.254084,-71.774626
01605,159,USA,42.289391,-71.788795
01606,148,USA,42.311029,-71.795774
01607,237,USA,42.230294,-71.793837
01608,130,USA,42.262425,-71.800262
01609,975,USA,42.275387,-71.817456
01610,553,USA,42.249186,-71.810798
01611,91,USA,42.237287,-71.874971
01612,321,USA,42.306646,-71.920234
01613,77,USA,42.2625,-71.8027
01655,1,USA,42.2625,-71.8027
01701,398,USA,42.300665,-71.425486
01702,255,USA,42.2844,-71.4295
01718,4,USA,42.514941,-71.422354
01719,91,USA,42.486876,-71.518229
01720,341,USA,42.475076,-71.448255
01721,257,USA,42.253909,-71.458347
01730,1357,USA,42.484287,-71.276796
01731,306,USA,42.464444,-71.284167
01740,482,USA,42.436523,-71.607593
01741,605,USA,42.528562,-71.351892
01742,284,USA,42.456701,-71.374741
01745,5,USA,42.293221,-71.502256
01746,160,USA,42.202641,-71.436059
01747,57,USA,42.126796,-71.537601
01748,294,USA,42.219046,-71.530178
01749,225,USA,42.391796,-71.560896
01752,400,USA,42.350861,-71.543355
01754,142,USA,42.432118,-71.454975
01756,76,USA,42.096744,-71.549882
01757,248,USA,42.151142,-71.527402
01760,506,USA,42.287476,-71.35741
01770,76,USA,42.233088,-71.378717
01772,137,USA,42.293919,-71.531997
01773,101,USA,42.421723,-71.313723
01775,125,USA,42.430785,-71.515019
01776,280,USA,42.383655,-71.428159
01778,206,USA,42.348629,-71.358781
01801,1401,USA,42.482894,-71.157404
01803,926,USA,42.508942,-71.200437
01810,2761,USA,42.64956,-71.156481
01821,2021,USA,42.551874,-71.251754
01824,2103,USA,42.59356,-71.357521
01826,1701,USA,42.676422,-71.318592
01827,299,USA,42.673917,-71.495201
01830,1084,USA,42.785605,-71.072057
01831,4,USA,42.776111,-71.077778
01832,1095,USA,42.779154,-71.109519
01833,715,USA,42.728067,-70.982239
01834,517,USA,42.753027,-71.027018
01835,843,USA,42.758597,-71.08549
01840,85,USA,42.707958,-71.16381
01841,731,USA,42.711545,-71.166997
01842,9,USA,42.706944,-71.163611
01843,709,USA,42.691053,-71.160506
01844,2240,USA,42.728019,-71.181031
01845,2096,USA,42.682583,-71.109004
01850,442,USA,42.656035,-71.305078
01851,1010,USA,42.631548,-71.332882
01852,1397,USA,42.634413,-71.298331
01853,15,USA,42.633333,-71.316667
01854,1121,USA,42.649254,-71.335464
01860,453,USA,42.834629,-71.004658
01862,675,USA,42.575694,-71.290217
01863,574,USA,42.634737,-71.390834
01864,1303,USA,42.581898,-71.094711
01867,857,USA,42.527986,-71.109021
01876,2125,USA,42.60283,-71.223224
01879,860,USA,42.672383,-71.415766
01880,983,USA,42.500886,-71.068471
01886,2168,USA,42.589959,-71.438143
01887,1808,USA,42.558143,-71.172306
01888,6,USA,42.506,-71.1265
01890,1021,USA,42.453028,-71.14407
01901,71,USA,42.463378,-70.945516
01902,850,USA,42.469814,-70.941989
01903,2,USA,42.4647,-70.9467
01904,606,USA,42.487453,-70.962798
01905,489,USA,42.46453,-70.973825
01906,1001,USA,42.463344,-71.011093
01907,1295,USA,42.474611,-70.909774
01908,205,USA,42.426098,-70.927739
01913,1096,USA,42.855879,-70.936681
01915,3040,USA,42.560825,-70.875939
01921,784,USA,42.679719,-71.011372
01922,262,USA,42.756792,-70.935053
01923,1604,USA,42.569402,-70.942461
01929,348,USA,42.628629,-70.782794
01930,2203,USA,42.620836,-70.672149
01931,2,USA,42.615833,-70.6625
01936,5,USA,42.618333,-70.856667
01938,1171,USA,42.680877,-70.849353
01940,582,USA,42.532711,-71.033873
01944,625,USA,42.57963,-70.767434
01945,2085,USA,42.498431,-70.865291
01949,581,USA,42.594184,-71.013004
01950,1570,USA,42.812964,-70.884668
01951,324,USA,42.783475,-70.847377
01952,451,USA,42.850678,-70.858822
01960,1702,USA,42.532579,-70.961194
01961,2,USA,42.527778,-70.929167
01965,3,USA,42.559722,-70.825
01966,649,USA,42.657973,-70.619424
01969,500,USA,42.713753,-70.90696
01970,2492,USA,42.515114,-70.900343
01982,691,USA,42.618478,-70.856132
01983,566,USA,42.641546,-70.948843
01984,410,USA,42.60166,-70.878622
01985,412,USA,42.794865,-70.977811
02019,163,USA,42.074573,-71.476829
02021,422,USA,42.164454,-71.135536
02025,903,USA,42.239484,-70.812788
02026,498,USA,42.243685,-71.163741
02030,87,USA,42.236233,-71.285363
02032,82,USA,42.15324,-71.2179
02035,193,USA,42.064938,-71.244127
02038,347,USA,42.09347,-71.405786
02043,447,USA,42.224485,-70.891051
02045,609,USA,42.285346,-70.875442
02047,1,USA,42.136111,-70.690556
02048,244,USA,42.021238,-71.217775
02050,1617,USA,42.106177,-70.69931
02052,184,USA,42.184525,-71.304813
02053,152,USA,42.151363,-71.421715
02054,108,USA,42.166938,-71.360693
02056,143,USA,42.117746,-71.326934
02059,1,USA,42.143056,-70.770833
02061,182,USA,42.159574,-70.82172
02062,444,USA,42.186843,-71.203313
02065,2,USA,42.097222,-70.654167
02066,1596,USA,42.203235,-70.752476
02067,353,USA,42.109388,-71.175872
02072,368,USA,42.125279,-71.107357
02081,213,USA,42.144413,-71.254391
02090,282,USA,42.214824,-71.210426
02093,120,USA,42.061746,-71.339568
02108,318,USA,42.357603,-71.068432
02109,377,USA,42.362963,-71.053386
02110,299,USA,42.357636,-71.051417
02111,375,USA,42.350348,-71.0629
02112,6,USA,42.3583,-71.0602
02113,466,USA,42.365656,-71.055958
02114,962,USA,42.361111,-71.06823
02115,1185,USA,42.342706,-71.092215
02116,1407,USA,42.349201,-71.076798
02117,9,USA,42.3503,-71.0762
02118,855,USA,42.340154,-71.075627
02119,352,USA,42.322414,-71.086923
02120,443,USA,42.332844,-71.097978
02121,190,USA,42.307503,-71.08305
02122,374,USA,42.297278,-71.058304
02123,2,USA,42.345,-71.0876
02124,505,USA,42.287984,-71.072898
02125,584,USA,42.315305,-71.061924
02126,159,USA,42.273889,-71.093871
02127,1078,USA,42.333454,-71.043792
02128,1031,USA,42.378137,-71.028682
02129,798,USA,42.377815,-71.062715
02130,1169,USA,42.312596,-71.111495
02131,482,USA,42.283615,-71.129543
02132,517,USA,42.27868,-71.158868
02133,1,USA,42.3573,-71.065
02134,1216,USA,42.353519,-71.132866
02135,1256,USA,42.34779,-71.156599
02136,376,USA,42.253989,-71.126052
02137,1,USA,42.249167,-71.229167
02138,2145,USA,42.377045,-71.125611
02139,2364,USA,42.364688,-71.104155
02140,1029,USA,42.391366,-71.129379
02141,709,USA,42.370701,-71.088277
02142,264,USA,42.362025,-71.083011
02143,1634,USA,42.382945,-71.102814
02144,1650,USA,42.40032,-71.122059
02145,1037,USA,42.390678,-71.092944
02148,1847,USA,42.42911,-71.060507
02149,936,USA,42.411199,-71.051448
02150,554,USA,42.396252,-71.032521
02151,1158,USA,42.413767,-71.005165
02152,624,USA,42.376294,-70.980043
02154,6,USA,none,none
02155,2412,USA,42.417335,-71.108686
02163,104,USA,42.364005,-71.141879
02169,1021,USA,42.249133,-70.997816
02170,269,USA,42.26713,-71.018644
02171,298,USA,42.282519,-71.024141
02176,1202,USA,42.458066,-71.063191
02180,757,USA,42.482778,-71.0978
02184,516,USA,42.209284,-70.996304
02185,2,USA,42.222222,-71
02186,470,USA,42.253663,-71.077051
02188,186,USA,42.211327,-70.958248
02189,205,USA,42.211606,-70.931671
02190,266,USA,42.172817,-70.94869
02191,90,USA,42.243564,-70.944318
02199,86,USA,42.347873,-71.082543
02201,1,USA,42.3624,-71.0628
02203,4,USA,42.3624,-71.0628
02204,2,USA,42.3624,-71.0628
02205,46,USA,42.348,-71.0551
02210,345,USA,42.348921,-71.046511
02215,1039,USA,42.347088,-71.102689
02222,1,USA,42.3624,-71.0628
02269,1,USA,42.252778,-71.002778
02301,388,USA,42.08,-71.0377
02302,248,USA,42.088,-71.0018
02303,9,USA,42.0828,-71.0164
02304,1,USA,42.0635,-71.0157
02305,2,USA,42.0635,-71.0157
02322,73,USA,42.125825,-71.043738
02324,1605,USA,41.977341,-70.97234
02325,3,USA,41.990278,-70.975556
02330,692,USA,41.888265,-70.767754
02331,18,USA,42.041667,-70.672778
02332,1286,USA,42.039936,-70.716257
02333,1000,USA,42.031478,-70.944964
02338,469,USA,42.000159,-70.844794
02339,217,USA,42.121406,-70.857006
02340,1,USA,42.113056,-70.8125
02341,635,USA,42.061627,-70.865053
02343,121,USA,42.14641,-71.008273
02346,1409,USA,41.888396,-70.892965
02347,918,USA,41.837377,-70.958195
02349,1,USA,41.8938,-70.9187
02351,223,USA,42.116715,-70.954293
02356,278,USA,42.058956,-71.112337
02357,5,USA,42.066667,-71.104167
02359,1120,USA,42.062072,-70.804404
02360,3694,USA,41.910404,-70.642004
02361,1,USA,41.9236,-70.6571
02362,21,USA,41.9236,-70.6571
02364,994,USA,41.995022,-70.740993
02367,212,USA,41.96549,-70.804582
02368,343,USA,42.173587,-71.051392
02370,226,USA,42.129286,-70.913263
02375,178,USA,42.025704,-71.098814
02379,124,USA,42.025511,-71.016054
02382,191,USA,42.081603,-70.938127
02420,749,USA,42.4558,-71.2193
02421,821,USA,42.4373,-71.236
02445,630,USA,42.3302,-71.1304
02446,919,USA,42.3443,-71.1201
02447,1,USA,42.332778,-71.116667
02451,599,USA,42.3954,-71.2508
02452,234,USA,42.3919,-71.2205
02453,625,USA,42.371111,-71.234444
02454,5,USA,42.3888,-71.2426
02457,1,USA,42.298611,-71.26
02458,314,USA,42.3545,-71.1877
02459,433,USA,42.336944,-71.209722
02460,208,USA,42.3521,-71.2081
02461,190,USA,42.320833,-71.2
02462,43,USA,42.329167,-71.254167
02464,75,USA,42.313889,-71.22
02465,242,USA,42.35,-71.233333
02466,176,USA,42.347222,-71.25
02467,528,USA,42.330556,-71.166667
02468,181,USA,42.327778,-71.227778
02471,1,USA,42.3733,-71.154
02472,797,USA,42.3704,-71.1757
02474,1334,USA,42.404167,-71.147222
02475,1,USA,42.420278,-71.180556
02476,855,USA,42.415278,-71.156944
02478,1171,USA,42.395833,-71.179167
02479,2,USA,42.3875,-71.183333
02481,253,USA,42.3133,-71.2695
02482,165,USA,42.2986,-71.3016
02492,459,USA,42.2778,-71.235
02493,204,USA,42.366667,-71.303611
02494,233,USA,42.2997,-71.2321
02532,788,USA,41.752918,-70.593168
02536,1360,USA,41.58504,-70.565174
02537,497,USA,41.684603,-70.46822
02538,179,USA,41.768247,-70.653237
02539,1,USA,41.388856,-70.533893
02540,610,USA,41.564754,-70.621663
02542,64,USA,41.660927,-70.57383
02543,98,USA,41.526272,-70.66431
02556,285,USA,41.641677,-70.623043
02559,235,USA,41.688115,-70.610512
02562,204,USA,41.798333,-70.529444
02563,870,USA,41.698304,-70.469325
02571,522,USA,41.754084,-70.711594
02575,1,USA,41.413717,-70.655802
02576,204,USA,41.779617,-70.764179
02601,808,USA,41.653682,-70.298176
02630,97,USA,41.698289,-70.300067
02631,837,USA,41.749179,-70.069868
02632,731,USA,41.660585,-70.353196
02633,468,USA,41.687634,-69.980758
02635,274,USA,41.696025,-70.433431
02638,251,USA,41.732166,-70.191054
02639,193,USA,41.664873,-70.132711
02642,406,USA,41.840781,-69.984865
02644,337,USA,41.682695,-70.514317
02645,878,USA,41.70082,-70.057929
02648,554,USA,41.670274,-70.416321
02649,1107,USA,41.618116,-70.485361
02652,34,USA,42.033779,-70.08751
02653,463,USA,41.779161,-69.982198
02655,335,USA,41.63005,-70.383726
02657,718,USA,42.053364,-70.186504
02660,406,USA,41.709711,-70.15851
02663,4,USA,41.918056,-69.995833
02664,574,USA,41.672805,-70.19731
02666,39,USA,41.998792,-70.056362
02667,266,USA,41.928934,-70.018587
02668,254,USA,41.700212,-70.371985
02673,570,USA,41.661367,-70.236297
02675,462,USA,41.705149,-70.227014
02702,303,USA,41.797458,-71.060736
02703,356,USA,41.929599,-71.30092
02715,265,USA,41.812505,-71.142723
02717,343,USA,41.763455,-70.967709
02718,346,USA,41.873585,-71.019225
02719,911,USA,41.640924,-70.889608
02720,1214,USA,41.718221,-71.139991
02721,757,USA,41.688305,-71.157424
02722,9,USA,41.701389,-71.155556
02723,409,USA,41.692612,-71.133214
02724,488,USA,41.684975,-71.174822
02725,129,USA,41.722299,-71.177971
02726,927,USA,41.756012,-71.149206
02738,328,USA,41.709526,-70.761261
02739,376,USA,41.661845,-70.816357
02740,1294,USA,41.634749,-70.9372
02743,540,USA,41.6997,-70.908652
02744,254,USA,41.612716,-70.916746
02745,985,USA,41.691337,-70.935545
02746,273,USA,41.659972,-70.93243
02747,1030,USA,41.633789,-70.995769
02748,660,USA,41.591728,-70.956521
02760,266,USA,41.977542,-71.329757
02762,83,USA,42.012403,-71.327454
02763,28,USA,41.970979,-71.310353
02764,248,USA,41.852874,-71.148523
02766,225,USA,41.971801,-71.189441
02767,886,USA,41.932361,-71.046856
02769,680,USA,41.85152,-71.254453
02770,438,USA,41.759082,-70.852257
02771,917,USA,41.837835,-71.322406
02777,902,USA,41.74734,-71.212167
02779,467,USA,41.835325,-71.076534
02780,2028,USA,41.905007,-71.10261
02790,898,USA,41.621127,-71.089003
02806,1230,USA,41.744334,-71.317497
02809,1385,USA,41.68247,-71.267558
02812,100,USA,41.46941,-71.650279
02813,598,USA,41.400749,-71.661455
02814,490,USA,41.91549,-71.679483
02816,1791,USA,41.69143,-71.576794
02817,443,USA,41.639977,-71.643549
02818,1546,USA,41.649777,-71.474009
02822,421,USA,41.574031,-71.607626
02825,367,USA,41.781455,-71.718748
02827,161,USA,41.706151,-71.735607
02828,440,USA,41.873409,-71.556923
02829,2,USA,41.887778,-71.597222
02830,464,USA,41.976379,-71.653405
02831,220,USA,41.751603,-71.561225
02832,278,USA,41.506974,-71.734862
02835,620,USA,41.516405,-71.376108
02836,6,USA,41.477694,-71.683992
02837,325,USA,41.52204,-71.161215
02838,144,USA,41.96888,-71.474113
02840,1844,USA,41.504502,-71.30348
02841,7,USA,41.49,-71.313333
02842,1230,USA,41.545556,-71.291944
02852,1663,USA,41.589426,-71.462494
02857,575,USA,41.8439,-71.624187
02858,25,USA,41.963637,-71.642925
02859,428,USA,41.962728,-71.709866
02860,1292,USA,41.872873,-71.390713
02861,1116,USA,41.881384,-71.356001
02862,3,USA,41.878611,-71.383056
02863,319,USA,41.888263,-71.394527
02864,1865,USA,41.948352,-71.415419
02865,1183,USA,41.908906,-71.434777
02871,1328,USA,41.594397,-71.252018
02874,496,USA,41.510528,-71.442693
02878,1116,USA,41.633839,-71.180823
02879,1737,USA,41.430195,-71.525138
02880,6,USA,41.437222,-71.501944
02881,354,USA,41.480295,-71.529239
02882,1168,USA,41.435313,-71.46164
02885,606,USA,41.725618,-71.270165
02886,1707,USA,41.702601,-71.447591
02887,3,USA,41.691944,-71.379167
02888,1226,USA,41.74936,-71.40836
02889,1477,USA,41.714069,-71.390146
02892,437,USA,41.506716,-71.599076
02893,1305,USA,41.700433,-71.518349
02895,1269,USA,41.99948,-71.513683
02896,677,USA,41.966667,-71.55
02903,830,USA,41.820002,-71.415801
02904,1232,USA,41.860461,-71.438102
02905,1001,USA,41.786568,-71.403146
02906,2248,USA,41.835104,-71.397065
02907,542,USA,41.800842,-71.424039
02908,1007,USA,41.838294,-71.437684
02909,962,USA,41.816777,-71.448165
02910,1042,USA,41.776572,-71.438331
02911,600,USA,41.853412,-71.474058
02912,179,USA,41.825833,-71.400833
02914,665,USA,41.813777,-71.368785
02915,737,USA,41.772313,-71.354244
02916,418,USA,41.842472,-71.355938
02917,912,USA,41.896382,-71.520666
02918,154,USA,41.8454,-71.4398
02919,1406,USA,41.826431,-71.497646
02920,1554,USA,41.77157,-71.465889
02921,827,USA,41.761357,-71.506102
02924,1,USA,none,none
02940,1,USA,41.8238,-71.4133
03031,1072,USA,42.856944,-71.607536
03032,524,USA,42.992529,-71.344892
03033,592,USA,42.738442,-71.666254
03034,308,USA,43.058514,-71.304857
03036,489,USA,42.967756,-71.244962
03037,417,USA,43.137756,-71.251264
03038,1961,USA,42.887404,-71.301971
03042,523,USA,43.041052,-71.076367
03043,147,USA,42.991952,-71.81131
03044,337,USA,42.984016,-71.121836
03045,1004,USA,43.018224,-71.56264
03046,246,USA,43.109444,-71.599167
03047,100,USA,42.949277,-71.872755
03048,196,USA,42.7489,-71.784487
03049,862,USA,42.748513,-71.577206
03051,1863,USA,42.769038,-71.412144
03052,621,USA,42.844167,-71.480278
03053,2005,USA,42.865555,-71.37719
03054,2202,USA,42.866689,-71.51278
03055,1031,USA,42.828497,-71.660569
03057,258,USA,42.897597,-71.676243
03060,1452,USA,42.756395,-71.466684
03061,3,USA,42.7592,-71.4632
03062,2049,USA,42.723472,-71.489282
03063,1262,USA,42.771686,-71.513156
03064,873,USA,42.7749,-71.4753
03070,524,USA,42.97217,-71.686402
03071,397,USA,42.751142,-71.870318
03076,1147,USA,42.72881,-71.304551
03077,621,USA,43.032512,-71.191159
03079,1997,USA,42.78465,-71.21761
03084,124,USA,42.820035,-71.852347
03086,284,USA,42.836761,-71.754066
03087,1478,USA,42.805106,-71.306735
03101,310,USA,42.992858,-71.463255
03102,1502,USA,42.99442,-71.488433
03103,1460,USA,42.965563,-71.449325
03104,1892,USA,43.007307,-71.448233
03105,2,USA,42.9925,-71.4635
03106,1007,USA,43.061708,-71.444446
03109,696,USA,42.971349,-71.413474
03110,2065,USA,42.940307,-71.52127
03216,161,USA,43.428668,-71.782952
03217,87,USA,43.703428,-71.612085
03220,402,USA,43.451189,-71.488991
03221,146,USA,43.294343,-71.985048
03222,377,USA,43.611994,-71.750664
03223,251,USA,43.888507,-71.636142
03224,166,USA,43.357041,-71.557008
03225,210,USA,43.356563,-71.24244
03226,96,USA,43.710688,-71.47973
03229,521,USA,43.218898,-71.696299
03234,333,USA,43.217398,-71.354576
03235,391,USA,43.442569,-71.649122
03237,154,USA,43.417476,-71.412063
03242,333,USA,43.179091,-71.815921
03244,530,USA,43.120709,-71.902818
03245,139,USA,43.731944,-71.588889
03246,813,USA,43.538713,-71.452907
03247,4,USA,43.526667,-71.47
03249,639,USA,43.5475,-71.407222
03253,446,USA,43.650208,-71.511327
03254,369,USA,43.728133,-71.392245
03255,186,USA,43.340556,-72.071389
03256,208,USA,43.618393,-71.643513
03257,460,USA,43.414501,-71.985674
03258,190,USA,43.249167,-71.400278
03261,282,USA,43.206965,-71.200423
03263,214,USA,43.287384,-71.33303
03264,435,USA,43.763524,-71.684714
03266,1,USA,43.804389,-71.848019
03269,184,USA,43.549552,-71.600348
03275,659,USA,43.147554,-71.439663
03276,497,USA,43.46033,-71.577413
03278,253,USA,43.303512,-71.835349
03281,692,USA,43.071422,-71.70376
03285,87,USA,none,none
03287,115,USA,43.432177,-71.900983
03290,473,USA,43.119632,-71.110983
03301,1923,USA,43.218525,-71.527734
03303,870,USA,43.285285,-71.612723
03304,757,USA,43.138788,-71.544814
03307,350,USA,43.285556,-71.467778
03431,1316,USA,42.943127,-72.28954
03435,47,USA,42.933611,-72.278611
03440,178,USA,43.059547,-71.938698
03442,88,USA,43.010309,-71.91534
03444,129,USA,42.897198,-72.050538
03446,269,USA,42.884137,-72.249298
03449,151,USA,42.976817,-71.981858
03452,354,USA,42.81779,-72.027514
03455,94,USA,42.898804,-72.201292
03458,631,USA,42.88559,-71.946964
03461,457,USA,42.754391,-72.019038
03465,88,USA,42.82697,-72.184753
03561,405,USA,44.311187,-71.776816
03574,159,USA,44.280846,-71.682929
03580,99,USA,44.205273,-71.751822
03581,201,USA,44.399601,-71.179983
03583,68,USA,44.399907,-71.451834
03584,224,USA,44.492074,-71.559115
03585,151,USA,44.214837,-71.896565
03593,16,USA,44.375278,-71.280278
03598,205,USA,44.36811,-71.603453
03741,327,USA,43.660092,-72.029724
03748,364,USA,43.625584,-72.127014
03750,101,USA,43.711333,-72.212479
03753,208,USA,43.510324,-72.133437
03755,877,USA,43.704532,-72.28496
03768,177,USA,43.791327,-72.161993
03773,429,USA,43.353228,-72.183789
03782,227,USA,43.386816,-72.095044
03801,1914,USA,43.066524,-70.780412
03804,8,USA,43.1135,-70.7369
03809,291,USA,43.46302,-71.229709
03810,116,USA,43.484468,-71.24888
03811,483,USA,42.836981,-71.1603
03813,221,USA,43.98776,-71.060677
03816,91,USA,43.690205,-71.265059
03818,143,USA,43.974161,-71.15028
03819,285,USA,42.923432,-71.120985
03820,2466,USA,43.190006,-70.884881
03821,5,USA,43.1946,-70.8772
03823,191,USA,43.169167,-70.924444
03824,1128,USA,43.133821,-70.952333
03825,760,USA,43.2027,-71.037675
03826,159,USA,42.887656,-71.127978
03827,304,USA,42.911289,-70.976904
03833,1816,USA,42.977169,-70.964306
03835,327,USA,43.388373,-71.064693
03837,99,USA,43.425281,-71.330315
03839,228,USA,43.268374,-70.976642
03840,369,USA,43.035294,-70.847476
03841,459,USA,42.881957,-71.175802
03842,1143,USA,42.935883,-70.824336
03843,13,USA,42.9375,-70.839444
03844,184,USA,42.926323,-70.887608
03845,1,USA,44.095479,-71.119415
03848,420,USA,42.913258,-71.063914
03851,204,USA,43.409722,-70.988889
03852,34,USA,43.502494,-70.969729
03853,1,USA,43.636552,-71.272858
03855,173,USA,43.443045,-71.140828
03856,142,USA,43.036944,-70.938889
03857,758,USA,43.072628,-70.955317
03858,402,USA,42.867805,-71.042021
03860,202,USA,44.033613,-71.123811
03861,357,USA,none,none
03862,348,USA,42.977625,-70.826738
03865,503,USA,42.835551,-71.093397
03866,9,USA,43.304444,-70.976111
03867,1072,USA,43.309203,-71.055753
03868,294,USA,43.31256,-70.968581
03870,390,USA,43.009468,-70.765153
03872,236,USA,43.551278,-71.020005
03873,446,USA,42.930819,-71.18606
03874,437,USA,42.88536,-70.86464
03878,617,USA,43.252546,-70.875589
03884,316,USA,43.250575,-71.162475
03885,716,USA,43.019432,-70.899714
03887,115,USA,43.4382,-71.020857
03894,471,USA,43.594996,-71.190843
03901,445,USA,43.28992,-70.855038
03902,217,USA,43.213318,-70.639685
03903,512,USA,43.130943,-70.782216
03904,596,USA,43.092128,-70.742876
03905,128,USA,43.097571,-70.712108
03906,306,USA,43.325401,-70.721173
03907,69,USA,43.228457,-70.597176
03908,523,USA,43.229201,-70.785949
03909,805,USA,43.154447,-70.657826
04002,394,USA,43.487503,-70.696087
04005,1217,USA,43.483647,-70.471928
04008,203,USA,44.036806,-69.918849
04009,370,USA,44.052049,-70.724081
04011,1320,USA,43.897591,-69.955469
04014,1,USA,43.3725,-70.438611
04015,191,USA,43.959623,-70.526013
04021,616,USA,43.809818,-70.2484
04027,305,USA,43.410304,-70.910986
04032,744,USA,43.851093,-70.113854
04033,8,USA,43.856944,-70.103611
04037,210,USA,44.031278,-70.966841
04038,1371,USA,43.684329,-70.467968
04039,537,USA,43.894202,-70.342939
04040,135,USA,44.107099,-70.653855
04042,282,USA,43.594578,-70.605074
04043,819,USA,43.388055,-70.547802
04046,568,USA,43.392288,-70.472867
04048,156,USA,43.696265,-70.786556
04049,192,USA,43.726031,-70.675178
04050,2,USA,43.692014,-70.15509
04055,266,USA,43.968121,-70.598754
04057,1,USA,44.098611,-70.699167
04061,193,USA,43.639976,-70.729799
04062,1166,USA,43.795771,-70.414281
04063,5,USA,43.500556,-70.386667
04064,551,USA,43.517449,-70.392053
04069,134,USA,43.890042,-70.195497
04070,1,USA,43.578056,-70.322222
04071,367,USA,43.921917,-70.449834
04072,1346,USA,43.520946,-70.454632
04073,719,USA,43.428541,-70.758479
04074,1583,USA,43.583476,-70.345668
04079,294,USA,43.781932,-69.993709
04083,199,USA,43.471499,-70.806445
04084,527,USA,43.814211,-70.480657
04085,93,USA,43.757137,-70.645627
04086,608,USA,43.941286,-69.964479
04090,899,USA,43.314352,-70.596883
04092,1184,USA,43.684268,-70.358033
04093,480,USA,43.661586,-70.601546
04096,736,USA,43.800933,-70.174958
04097,392,USA,43.829722,-70.276944
04098,1,USA,43.676944,-70.371667
04101,1311,USA,43.660564,-70.258864
04102,1389,USA,43.660168,-70.28981
04103,2250,USA,43.687568,-70.2876
04104,1,USA,43.6582,-70.2671
04105,1172,USA,43.734038,-70.26253
04106,1779,USA,43.631847,-70.270878
04107,914,USA,43.601735,-70.230099
04109,7,USA,43.674971,-70.202201
04110,187,USA,43.774485,-70.188333
04112,1,USA,43.6613,-70.2558
04116,1,USA,43.6367,-70.2508
04210,1075,USA,44.094785,-70.238978
04211,2,USA,44.0763,-70.2566
04216,1,USA,44.663703,-70.79666
04217,218,USA,44.416176,-70.803685
04220,145,USA,44.287676,-70.368293
04222,329,USA,43.928333,-70.123611
04236,226,USA,44.189059,-70.145532
04239,166,USA,44.515994,-70.209883
04240,1392,USA,44.098538,-70.191619
04250,199,USA,44.025511,-70.113933
04252,282,USA,43.997759,-70.073375
04253,103,USA,44.383889,-70.249722
04254,117,USA,44.445756,-70.193614
04258,164,USA,44.085556,-70.320556
04259,167,USA,44.22083,-70.02627
04260,404,USA,43.960835,-70.297381
04268,217,USA,44.212654,-70.560135
04270,250,USA,44.11183,-70.509799
04274,377,USA,44.021162,-70.379664
04280,334,USA,44.113269,-70.074792
04281,178,USA,44.216674,-70.501179
04282,380,USA,44.255669,-70.249444
04286,1,USA,44.401944,-70.861667
04287,167,USA,44.045833,-70.025833
04292,37,USA,44.372804,-70.432314
04294,150,USA,44.59107,-70.296064
04330,1198,USA,44.323228,-69.766548
04332,1,USA,44.3111,-69.7843
04333,6,USA,44.3071,-69.7836
04344,150,USA,44.25233,-69.791313
04345,678,USA,44.207029,-69.785774
04346,89,USA,44.228704,-69.774918
04347,165,USA,44.286414,-69.805738
04348,203,USA,44.189419,-69.483895
04350,189,USA,44.163437,-69.958071
04351,156,USA,44.308375,-69.884657
04355,137,USA,44.403221,-69.950634
04357,237,USA,44.104213,-69.821077
04364,345,USA,44.314031,-69.973128
04401,2464,USA,44.824199,-68.791839
04402,25,USA,44.801111,-68.778333
04406,1,USA,45.279838,-69.52514
04416,1,USA,44.601546,-68.776823
04530,692,USA,43.906155,-69.826565
04537,157,USA,43.894497,-69.627322
04538,220,USA,43.854559,-69.61844
04543,169,USA,44.029313,-69.504237
04553,153,USA,44.049866,-69.533113
04562,125,USA,43.768816,-69.814982
04565,1,USA,43.769342,-69.857557
04572,281,USA,44.104601,-69.374537
04578,268,USA,44.007444,-69.682576
04579,155,USA,43.950317,-69.789098
04619,1,USA,45.171478,-67.26408
04779,1,USA,47.174384,-68.267922
04852,1,USA,43.764222,-69.316429
04901,1147,USA,44.547967,-69.635917
04917,152,USA,44.46875,-69.860636
04918,2,USA,44.511103,-69.863681
04937,260,USA,44.609639,-69.63321
04963,1,USA,44.51729,-69.740082
05001,550,USA,43.663431,-72.350351
05033,159,USA,44.0006,-72.140638
05055,333,USA,43.740373,-72.30162
05059,50,USA,43.646111,-72.418889
05091,1,USA,43.62482,-72.538455
05401,962,USA,44.484023,-73.219875
05403,721,USA,44.451324,-73.179617
05404,1,USA,44.494898,-73.187413
05405,1,USA,44.477733,-73.2002
05439,17,USA,44.5489,-73.1862
05446,562,USA,44.535956,-73.202216
05451,1,USA,44.491944,-73.109444
05452,755,USA,44.503466,-73.090644
05453,2,USA,44.490556,-73.111389
05641,1023,USA,44.194522,-72.493619
05656,1,USA,44.64204,-72.671154
05819,524,USA,44.427195,-72.005062
05828,167,USA,44.433241,-72.113319
06119,1,USA,41.762765,-72.726799
06340,1,USA,41.357171,-72.057947
06473,1,USA,41.382156,-72.85852
06880,1,USA,41.143433,-73.349579
11222,1,USA,40.727164,-73.949846
11965,1,USA,41.074205,-72.348082
12128,1,USA,42.724444,-73.758889
12205,1,USA,42.713116,-73.820174
13833,1,USA,42.195735,-75.790978
14092,1,USA,43.172165,-79.021547
14456,1,USA,42.86372,-76.991349
19050,1,USA,39.93779,-75.264872
20814,1,USA,39.000343,-77.102165
21773,1,USA,39.528194,-77.551322
21887,1,USA,none,none
22061,1,USA,none,none
22209,1,USA,38.8926,-77.07531
22222,1,USA,38.8582,-77.0533
22536,1,USA,none,none
23062,1,USA,37.258534,-76.49586
23106,1,USA,37.718441,-77.186016
23680,3,USA,none,none
23873,1,USA,36.806667,-77.956944
23901,1,USA,37.302692,-78.407592
24551,1,USA,37.337878,-79.279116
28467,1,USA,33.904668,-78.574406
31852,1,USA,none,none
31876,1,USA,none,none
31886,1,USA,none,none
32061,1,USA,30.07544,-82.538481
32084,1,USA,29.880457,-81.298367
32108,1,USA,none,none
32120,2,USA,29.2105,-81.023
32356,1,USA,29.823815,-83.385828
32536,1,USA,30.77061,-86.553678
32648,1,USA,29.48689,-83.261587
32649,1,USA,none,none
32852,1,USA,none,none
32903,2,USA,28.109059,-80.578718
32920,1,USA,28.39034,-80.604267
32963,1,USA,27.653623,-80.360916
33237,1,USA,none,none
33281,1,USA,none,none
33304,1,USA,26.137908,-80.125283
33647,1,USA,28.114698,-82.367751
33759,1,USA,27.9777,-82.716
33842,1,USA,none,none
33861,1,USA,none,none
34048,1,USA,none,none
34074,1,USA,none,none
34102,1,USA,26.1427,-81.7974
34109,1,USA,26.243,-81.7674
34145,1,USA,25.9392,-81.7174
34219,1,USA,27.557162,-82.396009
34275,1,USA,27.138398,-82.451779
34282,1,USA,27.4401,-82.5827
34473,1,USA,29.0043,-82.1956
34952,1,USA,27.288895,-80.297971
40165,18,USA,38.004515,-85.688767
40291,1,USA,38.15205,-85.594513
40509,1,USA,38.010166,-84.427419
40511,97,USA,38.093233,-84.500671
41048,16,USA,39.07553,-84.700745
58103,1,USA,46.856406,-96.812252
72155,1,USA,none,none
89030,9,USA,36.4475,-114.851389
89031,1,USA,36.206228,-115.124832
98033,1,USA,47.678597,-122.189442